School Name,Website
Maria Fidelis Catholic School FCJ,http://www.mariafidelis.camden.sch.uk/
Stoke Newington School and Sixth Form,http://www.sns.hackney.sch.uk/
All Saints Catholic High School,https://www.allsaintschs.co.uk
Highbury Fields School,http://www.highburyfields.islington.sch.uk/
The Urswick School - A Church of England Secondary School,www.theurswickschool.co.uk
Lilian Baylis Technology School,http://www.lilianbaylis.com/
All Saints Catholic College,http://www.allsaintscc.org.uk
St Saviour's and St Olave's Church of England School,www.ssso.southwark.sch.uk
The St Thomas the Apostle College,http://www.stac.uk.com/
Oaklands School,http://oaklands.towerhamlets.sch.uk/
St Michael's Catholic Grammar School,http://www.st-michaels.barnet.sch.uk/
St James' Catholic High School,http://www.st-james.barnet.sch.uk
The Cardinal Wiseman Catholic School,www.wiseman.ealing.sch.uk
Archbishop Tenison's CofE High School,http://www.archten.croydon.sch.uk/
Winchmore School,http://www.winchmore.enfield.sch.uk/
Enfield County School for Girls,http://www.enfieldcs.enfield.sch.uk/
Whitmore High School,http://www.whitmore.harrow.sch.uk/
The Heathland School,http://www.heathland.hounslow.sch.uk/
Plashet School,http://www.plashetschoolnewham.com
St Bonaventure's RC School,http://www.stbons.org/
Seven Kings School,www.sevenkings.school
Mayfield School,http://www.mayfieldschool.net/
Queensbridge School,http://www.queensbridge.bham.sch.uk
Hodge Hill College,http://www.hodgehill.bham.sch.uk
King David High School,http://www.kingdavidliverpool.co.uk/
Archbishop Blanch CofE High School,http://www.abblanch.com
St Hilda's Church of England High School,www.st-hildas.co.uk
Holy Family Catholic High School,http://www.holyfamilyhighschool.co.uk/
The Mosslands School,www.mosslands.co.uk
Turton School,http://www.turton.uk.com/
St Joseph's RC High School,www.stjosephsbolton.org.uk
Parrenthorn High School,www.parrenthorn.co.uk
St Ambrose Barlow RC High School,http://www.stambrosebarlowswinton.org/
Harrytown Catholic High School,https://www.harrytownschool.org
St Damian's RC Science College,www.stdamians.co.uk
Golborne High School,http://www.golbornehigh.wigan.sch.uk/
St Peter's Catholic High School,http://www.saintpetershigh.wigan.sch.uk
King Edward VII School,http://www.kes.sheffield.sch.uk/
Holmfirth High School,http://www.holmfirthhigh.co.uk/
Carr Manor Community School,www.carrmanor.org.uk
Roundhay School,www.roundhayschool.org.uk
Pudsey Grammar School,http://www.pudseygrammar.co.uk/
Benton Park School,http://www.bentonpark.org.uk/
Monkseaton High School,http://www.monkseaton.org.uk/
Boldon School,http://boldonschool.com/
Brimsham Green School,http://www.brimsham.com
St Bernadette Catholic Secondary School,www.stberns.bristol.sch.uk
Lealands High School,http://www.lealands.luton.sch.uk
Saint Gregory's Catholic College,http://www.st-gregorys.org.uk/
Queen Elizabeth School,http://qesluton.co.uk/
Wexham School,http://www.wexhamschool.co.uk/
The Grange School,www.grange.bucks.sch.uk
Loreto High School Chorlton,https://www.loretochorlton.co.uk/
Harlington School,http://www.harlingtonschool.org
Saints Peter and Paul Catholic High School,http://www.saintspeterandpaul.halton.sch.uk/
Beacon Hill Community School,http://beaconhill.cumbria.sch.uk/
Samuel King's School,https://www.alstonmoorfederation.org.uk
Netherhall School,https://www.netherhall.cumbria.sch.uk/
John Ruskin School,http://www.jrs.org.uk
Dowdales School,http://www.dowdalesschool.co.uk/
Culcheth High School,http://culchethhigh.org.uk/
Ullswater Community College,http://www.ullswatercc.co.uk/
The Nelson Thomlinson School,https://nts.cumbria.sch.uk/
Dronfield Henry Fanshawe School,http://www.dronfield.derbyshire.sch.uk
Blessed Hugh Faringdon Catholic School,http://www.hughfaringdon.org/
St John Henry Newman Catholic School,http://newman.cumbria.sch.uk/
Beaminster School,http://www.beaminster.dorset.sch.uk/
The Woodroffe School,http://www.woodroffe.dorset.sch.uk/
St Paul's Catholic School,http://www.st-pauls.org.uk/
De La Salle School,www.dlsbasildon.org
"St John Payne Catholic School, Chelmsford",www.sjp.essex.sch.uk
Court Moor School,http://www.court-moor.hants.sch.uk/
Horndean Technology College,http://www.horndeantc.hants.sch.uk/
Redbridge Community School,www.redbridgecommunityschool.com
The Wavell School,http://www.wavellschool.org.uk/
Kings' School,http://www.kings-hants.com
Bishop Challoner Catholic Secondary School,http://www.bcs.hants.sch.uk/
Applemore College,http://www.applemore.hants.sch.uk/
Aylestone School,www.aylestone.hereford.sch.uk
Harrow Way Community School,http://www.harrowway.hants.sch.uk
Weobley High School,http://www.weobleyhigh.co.uk
Purbrook Park School,http://www.purbrookparkschool.co.uk/
Frederick Gough School,http://www.frederickgoughschool.co.uk
Maidstone Grammar School,www.mgs.kent.sch.uk
Ribblesdale School,http://www.ribblesdale.org
Moor Park High School and Sixth Form,http://www.moorpark.mp/
"Cardinal Allen Catholic High School, Fleetwood",http://www.cardinalallen.co.uk/
Holy Cross Catholic High School,http://www.holycross.lancs.sch.uk
Hutton Church of England Grammar School,http://www.huttongrammar.org/
Moat Community College,https://moat.leicester.sch.uk
Archbishop Temple Church of England High School,http://www.archbishoptemple.com
Beaumont Leys School,http://www.beaumontleys.leicester.sch.uk/
Spalding High School,http://www.spaldinghigh.lincs.sch.uk
Bedale High School,http://www.bedalehighschool.org.uk/
"The Queen Elizabeth's High School, Gainsborough",http://www.qehs.lincs.sch.uk
The Wensleydale School & Sixth Form,http://www.wensleydaleschool.net
King James's School,https://www.king-james.co.uk/
The Latimer Arts College,http://www.latimer.org.uk
Joseph Rowntree School,http://www.josephrowntree.co.uk
Carterton Community College,http://www.cartertoncc.oxon.sch.uk/
Robert Blake School,http://robertblake.org.uk/
Codsall Community High School,http://www.cc-hs.com/
Norton Canes High School,http://www.nortoncaneshighschool.co.uk/
Oakwood School,http://www.oakwood.surrey.sch.uk
Oathall Community College,http://www.oathall.org
Downlands Community School,http://downlands.w-sussex.sch.uk/
Millais School,http://www.millais.org.uk
North Liverpool Academy,http://northliverpoolacademy.co.uk/
Elthorne Park High School,www.ephs.ealing.sch.uk
The Bridge Academy,http://www.bridgeacademy.hackney.sch.uk/
Sheffield Park Academy,http://www.sheffieldpark-academy.org/
Yesodey Hatorah Senior Girls School,yesodeyhatorah.org
Oaks Park High School,http://oakspark.co.uk/
The Elms Academy,www.theelmsacademy.org.uk
Shuttleworth College,https://www.shuttleworthcollege.org/
Sir John Thursby Community College,http://www.sirjohnthursby.lancs.sch.uk/
Wolverley CofE Secondary School,www.wolverley.worcs.sch.uk
Madeley Academy,www.madeleyacademy.com
Oasis Academy Immingham,http://www.oasisacademyimmingham.org/
St Matthew Academy,https://www.stmatthewacademy.co.uk/
Bradford Academy,www.bradfordacademy.co.uk
Swindon Academy,www.swindon-academy.org
Earl Mortimer College,http://earlmortimer.org.uk/
Cornwallis Academy,http://www.futureschoolstrust.com/
Christ The King College,http://www.christthekingcollege.co.uk
Samworth Church Academy,http://www.samworthchurchacademy.co.uk/
City of London Academy Islington,www.colai.org.uk
Richard Rose Morton Academy,http://www.rrma.org.uk/
Nottingham University Samworth Academy,http://www.nusa.org.uk/
"The City Academy, Hackney",https://www.thecityacademyhackney.org
The Basildon Lower Academy,http://www.basildonacademies.org.uk/
The Basildon Upper Academy,http://www.basildonacademies.org.uk/
NCEA Duke's Secondary School,http://www.ncea.org.uk/
De Warenne Academy,http://www.dewarenne.org.uk/
Tudor Grange Academy Worcester,http://www.worcs.tgacademy.org.uk/
Park Hall Academy,http://www.parkhallschool.org.uk/
Maltby Academy,www.maltbyacademy.com
Bedford Academy,http://bedfordacademy.co.uk/
Manchester Communication Academy,http://www.manchestercommunicationacademy.com/
The Bay Church of England School,www.bayceschool.org
The Victory Academy,http://www.thevictoryacademy.org.uk/
Co-op Academy Manchester,manchester.coopacademies.co.uk
Havant Academy,http://www.havant-tkat.org/
Wilmington Academy,www.wilmingtonacademy.org.uk
Oxford Spires Academy,http://www.oxfordspiresacademy.org/
Waltham Toll Bar Academy,http://www.walthamtollbaracademy.co.uk/
Brinsworth Academy,http://www.brinsworthacademy.org.uk/
"Queen Elizabeth's School, Barnet",www.qebarnet.co.uk
The Rochester Grammar School,http://www.rochestergrammar.org.uk
Orchards Academy,http://www.orchards-tkat.org
John Taylor High School,www.jths.co.uk
Arden,http://www.arden.solihull.sch.uk/
"Tudor Grange Academy, Solihull",http://www.solihull.tgacademy.org.uk
King Harold Business & Enterprise Academy,http://www.kha-tkat.org/
Wales High School,http://www.waleshigh.com/
Garforth Academy,www.garforthacademy.org.uk
Kingsbridge Academy,http://www.kingsbridgecollege.org.uk/
Whitburn Church of England Academy,www.whitburncofeacademy.org
Churston Ferrers Grammar School Academy,http://www.churstongrammar.com/
The Broxbourne School,http://www.broxbourne.herts.sch.uk
William Farr CofE Comprehensive School,http://www.williamfarr.lincs.sch.uk/
Platanos College,http://www.platanoscollege.com/
Oakgrove School,http://www.oakgrove.school
Rainham School for Girls,http://www.rainhamgirls-tkat.org/
Weald of Kent Grammar School,http://www.wealdgs.org
Comberton Village College,http://www.combertonvc.org
Bishop Justus CofE School,www.bishopjustus.bromley.sch.uk
Balcarras School,http://www.balcarras.gloucs.sch.uk/
Prince Henry's High School,http://www.princehenrys.worcs.sch.uk
Charles Read Academy,www.charlesreadacademy.co.uk
North Huddersfield Trust School,http://www.nhtschool.co.uk/
Wellacre Technology Academy,http://www.wellacre.org/
Devonport High School for Boys,http://www.dhsb.org
Newport Girls' High School Academy,www.nghs.org.uk
Hartsdown Academy,http://hartsdown.org/
The Roseland Academy,www.theroseland.co.uk
Dame Alice Owen's School,http://www.damealiceowens.herts.sch.uk
Dane Court Grammar School,http://danecourt.kent.sch.uk/
Invicta Grammar School,http://www.invicta.viat.org.uk
Bartley Green School,https://www.bartleygreenschool.co.uk/
Brighouse High School,http://www.brighouse.calderdale.sch.uk
Airedale Academy,http://www.airedaleacademy.com/
Windsor High School and Sixth Form,http://www.windsorhighschool.org.uk
Shire Oak Academy,http://www.shireoakacademy.co.uk/
Wood Green Academy,www.woodgreenacademy.co.uk
"Archbishop Holgate's School, A Church of England Academy",http://www.archbishopholgates.academy
The West Bridgford School,http://www.wbs.school
The Mountbatten School,http://www.mountbatten.school
"King Edward VI Grammar School, Chelmsford",www.kegs.org.uk
Clyst Vale Community College,http://www.clystvale.org/
Coleridge Community College,https://www.coleridgecc.org.uk/
The Arnewood School,http://www.arnewood.hants.sch.uk
Twynham School,http://www.twynhamschool.com
South Hunsley School and Sixth Form College,http://www.southhunsley.org.uk/
Brampton Manor Academy,http://www.bramptonmanor.org/
The Mirfield Free Grammar,http://www.themfg.co.uk
Hans Price Academy,https://hanspriceacademy.clf.uk/
Wycombe High School,http://www.whs.bucks.sch.uk/
Backwell School,http://www.backwellschool.net
Ripley St Thomas Church of England Academy,http://ripleystthomas.com/
Cheltenham Bournside School and Sixth Form Centre,https://www.bournside.com
Overton Grange School,http://www.overtongrange.sutton.sch.uk/
Uxbridge High School,http://www.uhs.org.uk
John Hampden Grammar School,www.jhgs.bucks.sch.uk
Highcliffe School,https://www.highcliffe.school
The Kings of Wessex Academy,http://www.kowessex.co.uk/
Cheam High School,http://www.cheam.sutton.sch.uk/
Wallington County Grammar School,www.wcgs-sutton.co.uk
Howard of Effingham School,https://www.thehoward.org/
Mascalls Academy,http://www.mascallsacademy.org.uk
Gordano School,http://www.gordanoschool.org.uk/
The Billericay School,http://www.billericayschool.com
Bristol Free School,http://www.bristolfreeschool.org.uk/
Erasmus Darwin Academy,http://www.eda.staffs.sch.uk/
Chesterton Community College,https://ccc.tela.org.uk/
Royal Wootton Bassett Academy,http://www.rwba.org.uk/
Crispin School Academy,http://www.crispinschool.co.uk/
The Castle School,http://www.castleschool.co.uk/
Heart of England School,http://www.heart-england.co.uk/
Chipping Campden School,http://www.campden.school/
Flixton Girls School,http://www.flixtongirls.com/
Feversham Girls' Secondary Academy,https://www.fga.iexel.org.uk/
Bournemouth School for Girls,http://www.wearebsg.uk
Bungay High School,http://www.bungayhigh.co.uk/
Graveney School,http://www.graveney.org/
Keswick School,http://www.keswick.cumbria.sch.uk/
Notley High School and Braintree Sixth Form,http://www.notleyhigh.com
King Edward VI Five Ways School,www.kefw.org
King Edward VI Camp Hill School for Boys,http://www.camphillboys.bham.sch.uk/
Holyhead School,https://www.holyheadschool.org.uk/
St Laurence School,http://www.st-laurence.com/
Plantsbrook School,http://plantsbrookschool.co.uk/
St Mark's West Essex Catholic School,http://www.st-marks.essex.sch.uk/
Tolworth Girls' School and Sixth Form,http://www.tolworthgirlsschool.co.uk
Rosedale College,http://www.rosedalecollege.uk
The Chauncy School,http://chauncyschool.com/
Dunraven School,http://www.dunraven.org.uk/
Hylands School,http://www.hylands-tkat.org/
Gravesend Grammar School,http://gravesendgrammar.com/
Diss High School,http://www.disshigh.norfolk.sch.uk/
The Hundred of Hoo Academy,https://www.hundredofhooacademy.org.uk/
The Blue Coat CofE School,https://www.blue-coat.org/
Sir Robert Pattinson Academy,http://www.srpa.co.uk
The Ridgeway School & Sixth Form College,http://www.ridgewayschool.com/
"Landau Forte Academy, QEMS",www.lfatq.org.uk
Nottingham Girls' Academy,http://www.nottinghamgirlsacademy.org/
Whitstone,http://www.whitstoneschool.org/
The UCL Academy,http://www.uclacademy.co.uk
Tor Bridge High,http://www.torbridge.net
Falmouth School,http://www.falmouthschool.net
Hounsdown School,http://www.hounsdown.hants.sch.uk/
Sacred Heart of Mary Girls' School,http://www.sacredheartofmary.net/
Stratford Upon Avon School,www.stratforduponavonschool.com
Appleby Grammar School,http://www.appleby.cumbria.sch.uk
Caldew School,http://caldew.cumbria.sch.uk/
Kepier,http://www.kepier.com
Lydiard Park Academy,http://www.lydiardparkacademy.org.uk
Settlebeck School,http://settlebeck.org
Slough and Eton Church of England Business and Enterprise College,http://www.slougheton.com/
University Academy Holbeach,http://www.universityacademyholbeach.org/
Altrincham Grammar School for Girls,http://www.aggs.trafford.sch.uk/
The Blue School,https://www.theblueschoolwells.co.uk/
Birkdale High School,http://www.birkdalehigh.co.uk/
Hessle High School and Penshurst Primary School,www.thehessleacademy.co.uk
Bishop Rawstorne Church of England Academy,www.bishopr.co.uk
Cartmel Priory CofE School,http://www.cartmelprioryschool.co.uk
Hillcrest School and Sixth Form Centre,http://hillcrest.bham.sch.uk/
The Corbet School,www.corbetschool.net
The Thomas Aveling School,http://www.thomasaveling.co.uk
Dene Magna School,http://www.denemagna.gloucs.sch.uk/
Woodkirk Academy,http://www.woodkirkacademy.co.uk/
Bishop Ramsey Church of England School,http://www.bishopramseyschool.org
St Thomas More High School,www.st-thomasmore.southend.sch.uk
The Ursuline Academy Ilford,www.uai.org.uk
Batley Girls' High School,http://www.batleygirls.co.uk/
Formby High School,http://www.formbyhighschool.com/
Chislehurst and Sidcup Grammar School,http://www.csgrammar.com/
The Vale Academy,www.valeacademy.org.uk
Cramlington Learning Village,http://www.cramlingtonlv.co.uk/
Wallingford School,http://www.wallingfordschool.com/
Wirral Grammar School for Boys,http://www.wirralgrammarboys.com/
John Whitgift Academy,http://www.johnwhitgift.org.uk/
Fred Longworth High School,https://flhs.org.uk/
Maharishi Free School,www.maharishischool.com
Chesterfield High School,http://www.chesterfieldhigh.org.uk
Brockhill Park Performing Arts College,http://www.brockhill.kent.sch.uk/
Goffs Academy,http://www.goffs.herts.sch.uk/
Wellsway School,http://www.wellswayschool.com/
Cams Hill School,http://www.camshill.com
Twyford Church of England High School,www.twyford.ealing.sch.uk
The Weston Road Academy,http://www.westonroad.staffs.sch.uk/
Lady Hawkins' School,http://www.lhs.hereford.sch.uk
Saint George's Church of England School,http://www.saintgeorgescofe.kent.sch.uk
Sheringham High School,http://www.sheringhamhigh.co.uk
Burnt Mill Academy,http://www.burntmillacademy.org/
Sacred Heart Catholic High School,www.sacredheart-high.org
Beacon Hill Academy,http://www.beaconhillacademy.org.uk
South Axholme Academy,http://www.southaxholmeacademy.co.uk/
St John's Catholic School & Sixth Form College,www.stjohnsrc.org.uk
Tarleton Academy,http://www.tarletonacademy.org/
Trinity CofE High School,http://www.trinityhigh.com/
The Earls High School,http://www.earlshighschool.org
Borden Grammar School,http://website.bordengrammar.kent.sch.uk/
Northwood School,http://www.northwoodschool.org.uk
The Maplesden Noakes School,http://www.maplesden.kent.sch.uk/
Coombe Girls' School,http://www.coombegirlsschool.org/
Chenderit School,https://www.chenderit.northants.sch.uk/
Stratton School,www.stratton.school
Parkside Academy,http://parksideacademy.org.uk/
Anglo European School,http://aesessex.co.uk/
"Notre Dame High School, Norwich",http://www.ndhs.org.uk
Southborough High School,http://www.southborough.kingston.sch.uk/
The Stanway School,http://www.stanway.essex.sch.uk
St Cuthbert's High School,www.st-cuthbertshigh.newcastle.sch.uk
Chipping Norton School,http://www.chipping-norton.oxon.sch.uk
Presdales School,http://www.presdales.herts.sch.uk/
Langtree School,http://www.langtreeschool.com
St Mark's Catholic School,http://www.st-marks.hounslow.sch.uk/
Wadebridge School,http://www.wadebridge.cornwall.sch.uk/
Hellesdon High School,http://www.hellesdon.net
The Henrietta Barnett School,http://www.hbschool.org.uk
Rockwood Academy,http://www.corerockwood.academy
The Marlborough Science Academy,http://www.themarlboroughscienceacademy.co.uk/
Coundon Court,http://www.coundoncourt.org
Hull Trinity House Academy,www.hthacademy.org.uk
The Market Bosworth School,www.tmbs.leics.sch.uk
BBG Academy,http://www.bbgacademy.com
Hawkley Hall High School,http://hhhs.net/
Ashton-on-Mersey School,aomschool.co.uk
Broadoak School,http://broadoakschool.co.uk/
The Arthur Terry School,www.arthurterry.bham.sch.uk
Astor Secondary School,http://www.astorschool.com
Riddlesdown Collegiate,https://www.riddlesdown.org
Harrogate High School,http://www.harrogatehighschool.co.uk
The South Wolds Academy & Sixth Form,http://www.southwolds.co.uk/
Bedford Free School,http://www.bedfordfreeschool.co.uk/
Becket Keys Church of England Free School,http://www.becketkeys.org/
Atherton High School,http://www.athertonhigh.com/
Robert May's School,http://www.rmays.org
Westminster City School,http://www.wcsch.com/
Armthorpe Academy,https://www.armthorpeacademy.org.uk/
Crawshaw Academy,http://www.crawshawacademy.org.uk/
Rodillian Academy,http://www.rodillianacademy.co.uk/
The Rural Enterprise Academy,www.ruralenterpriseacademy.com
Hilbre High School,www.hilbre.wirral.sch.uk
St Mary's Church of England High School (VA),http://www.st-maryshigh.herts.sch.uk
Parkside Studio College,http://www.parksidestudiocollege.co.uk/
LeAF Studio,www.leafstudio.co.uk
Bridgemary School,www.bridgemary-tkat.org
Loreto Grammar School,www.loretogrammar.co.uk
The Dean Academy,http://www.thedeanacademy.org/
Arrow Vale High School,https://www.arrowvaleschool.org.uk/
Albany Academy,http://www.albanyacademy.co.uk
Lady Margaret School,http://www.ladymargaret.lbhf.sch.uk
Devizes School,https://www.devizesschool.co.uk/
Waseley Hills High School,www.waseleyhills.worcs.sch.uk
"Queen Elizabeth's Grammar School, Horncastle",http://www.qegs.lincs.sch.uk
West Derby School,www.westderbyschool.org
Beis Yaakov High School,www.byjhs.org
Horbury Academy,https://horbury.accordmat.org/
Shipston High School,www.shipstonhigh.co.uk
The Priory Belvoir Academy,http://www.belvoiracademy.co.uk/
St Margaret's Church of England Academy,www.stmargaretsacademy.com
Redland Green School,www.redlandgreen.bristol.sch.uk
Desborough College,http://www.desborough.org.uk/
The Nicholas Hamond Academy,http://tnha.attrust.org.uk/
Sacred Heart Catholic School,www.sacredheart.southwark.sch.uk
Bristnall Hall Academy,http://www.bristnallhallacademy.attrust.org.uk/
Sutton Community Academy,www.suttonacademy.attrust.org.uk
Manor Croft Academy,www.manorcroft.org.uk
Worthing High School,http://www.worthinghigh.net
Hitchin Boys' School,http://www.hbs.herts.sch.uk
Chorlton High School,http://www.chorltonhigh.manchester.sch.uk/
Tabor Academy,http://www.taboracademy.co.uk
Beamont Collegiate Academy,https://bcawarrington.org.uk/
Spalding Grammar School,http://www.spaldinggrammar.lincs.sch.uk
Downend School,http://www.downend.com/
St Andrew the Apostle Greek Orthodox School,http://www.standrewtheapostle.org.uk/
Elstree Screen Arts Academy,https://www.esaacademy.org/
Kings Langley School,http://www.kls.herts.sch.uk
The Hathaway Academy,http://hathawayacademy.attrust.org.uk/
Liverpool Life Sciences UTC,http://lifesciencesutc.co.uk/
The Studio School Liverpool,http://thestudioliverpool.uk/
Winifred Holtby Academy,http://www.winifredholtbyacademy.co.uk
The Reach Free School,http://www.reachfreeschool.co.uk/
Isca Academy,http://www.iscaexeter.co.uk/
UTC Sheffield City Centre,http://www.utcsheffield.org.uk/
William Perkin Church of England High School,http://www.williamperkin.org.uk/
Leeds Jewish Free School,www.ljfs.org
Waverley Studio College,https://www.waverleystudiocollege.co.uk/
Yardleys School,www.yardleys-vle.com
The Green School for Girls,http://tgsgirls.com/
Broadway Academy,http://www.broadway-academy.co.uk
Alleyne's Academy,http://www.alleynesacademy.co.uk
Bishop Milner Catholic College,http://www.bmilner.dudley.sch.uk
Wardle Academy,http://www.wardleacademy.co.uk/
Alsager School,http://www.alsagerschool.org/
St Margaret Ward Catholic Academy,http://www.stmargaretward.co.uk/
St Mary's Catholic School,http://stmarysnewcastle.co.uk/
The Thomas Alleyne Academy,http://www.tas.herts.sch.uk/
The Halifax Academy,http://www.thehalifaxacademy.org
Ernesford Grange Community Academy,www.egacademy.org.uk
Lord Derby Academy,http://lordderbyacademy.co.uk/
Langdon Academy,www.langdonacademy.org
Bradford Forster Academy,http://www.bradfordforsteracademy.co.uk/
Bishop Walsh Catholic School,http://bishopwalsh.net/
Beal High School,www.bealhighschool.co.uk
St Ives School,http://www.stivesschool.net
St Boniface's RC College,http://www.stbonifaces.com/
Notre Dame RC School,http://www.ndonline.org/
The Hertfordshire & Essex High School and Science College,http://www.hertsandessex.herts.sch.uk/
Wolverhampton Girls' High School,http://www.wghs.org.uk
The University of Birmingham School,www.uobschool.org.uk
Beaconsfield High School,www.beaconsfieldhigh.bucks.sch.uk
Ruislip High School,http://www.ruisliphigh.com
Harris Invictus Academy Croydon,http://www.harrisinvictus.org.uk/
Futures Institute Banbury,https://www.futuresbanbury.org
Dorset Studio School,http://dorsetstudioschool.co.uk/
Walney School,www.walney-school.co.uk
Whitefriars School,www.whitefriarsschool.net
Chetwynde School,www.chetwynde.co.uk
Woolwich Polytechnic School,http://woolwichpoly.co.uk/
The Skipton Academy,http://www.theskiptonacademy.co.uk/
The Warren School,http://www.thewarrenschool.net
The Ripley Academy,http://ripleyacademy.org
Lawrence Sheriff School,http://www.lawrencesheriffschool.net/
Ellowes Hall Sports College,http://www.elloweshall.co.uk/
Thomas Gainsborough School,http://tgschool.net/
The Sydney Russell School,http://sydneyrussellschool.com/
The Sir John Colfox Academy,http://www.colfox.org/
"Eden Girls' School, Waltham Forest",www.edengirlswalthamforest.com
The Kingston Academy,www.thekingstonacademy.org
Dean Trust Ardwick,http://deantrustardwick.co.uk/
Temple Learning Academy,www.templelearningacademy.org
Maiden Erlegh School in Reading,http://www.maidenerleghschoolreading.co.uk/
The Cardinal Vaughan Memorial RC School,http://www.cvms.co.uk/
Orchard Park High School,www.orchardparkhigh.co.uk
Sewell Park Academy,www.sewellparkacademy.co.uk
Holy Trinity Academy,https://Holytrinity.academy
Lyndon School,www.lyndon.org.uk
Matthew Arnold School,http://www.maschool.org.uk
IKB Academy,www.ikbacademy.org.uk
Shavington Academy,http://www.shavington.academy
King Edward VI Grammar School,http://www.kevigs.org/
Newcastle Academy,http://www.newcastleacademy.org
Barr's Hill School,http://www.barrshill.coventry.sch.uk/
Little Lever School,http://www.little-lever.bolton.sch.uk/
Newlands Girls' School,http://www.newlandsgirlsschool.co.uk/
Bideford College,www.bidefordcollege.org
Pool Hayes Academy,www.poolhayes.attrust.org.uk
UTC Sheffield Olympic Legacy Park,www.utcsheffield.org.uk
St Wilfrid's RC College,www.st-wilfrids.org
St Thomas Becket Catholic School,http://www.thomasbecket.org.uk/
Buttershaw Business & Enterprise College Academy,www.buttershaw.net
West Craven High School,http://www.westcraven.co.uk
Immanuel College,https://www.immanuelcollege.org/
Rugby Free Secondary School,https://www.rugbyfreesecondary.co.uk/
Park Lane Academy,http://parklane.org.uk/
John O'Gaunt School,www.johnogauntschool.co.uk
Brayton Academy,www.braytonacademy.org.uk
"The Royal School, Wolverhampton",https://theroyalschool.co.uk/
Brigshaw High School,www.brigshaw.com
Thorpe St Andrew School and Sixth Form,http://thorpestandrewschool.org.uk/
Scalby School,https://www.scalby.coastandvale.academy/
Leasowes High School,http://www.leasoweshighschool.co.uk
King Edward VI Handsworth Grammar School for Boys,http://www.handsworth.bham.sch.uk/
Mulberry School for Girls,http://www.mulberryschoolforgirls.org/
Heathside Walton-on-Thames,https://www.heathsidewalton.org/
Woolwich Polytechnic School for Girls,www.woolwichpolygirls.co.uk
"St Leonard's Catholic School, Durham",https://stleonardsdurham.bwcet.com/
The Trinity School,https://www.thetrinityschool.co.uk/
Sir Frederick Gibberd College,http://www.sirfrederickgibberdcollege.org/
Matford Brook Academy,https://www.matfordbrook.academy/
Southlands High School,https://www.southlandshs.org.uk/
Harper Green School,http://www.harper-green.bolton.sch.uk
Wren Academy Enfield,https://www.wrenacademyenfield.org/
The Lea Valley Academy,http://www.leavalley.org.uk
St James's Church of England High School,http://www.st-james.bolton.sch.uk/
Ellesmere Park High School,http://www.ephs.org.uk/
Claydon High School,www.claydonhigh.co.uk
Gaynes School,http://www.gaynes.havering.sch.uk/
Dereham Neatherd High School,http://neatherd.org/
Spalding Academy,www.spaldingacademy.org.uk
The Totteridge Academy,http://www.thetotteridgeacademy.org.uk
"Tudor Grange Samworth Academy, A church of England School",https://www.samworth.tgacademy.org.uk/
Teesdale School and Sixth Form,www.teesdaleschool.co.uk
Waterhead Academy,www.waterheadacademy.co.uk
Ashington Academy,www.ashingtonacademy.co.uk
Orchard Mead Academy,www.orchard-tmet.uk
Mulberry Stepney Green Mathematics and Computing College,https://www.mulberrystepneygreen.org/
Dixons Trinity Chapeltown,https://www.dixonstc.com/
Mulberry UTC,www.mulberryutc.org
Washington Academy,http://www.washingtonacademy.co.uk/
Thornhill Academy,https://www.thornhillschool.org.uk
Kingsbury School - A Specialist Science and Mathematics Academy,www.kingsburyschool.co.uk
"Eden Girls' Leadership Academy, Manchester",www.edengirlsmanchester.com
"Eden Boys' Leadership Academy, Manchester",www.edenboysmanchester.com
Richmond School,http://www.richmondschool.net
Alderman Peel High School,www.wensumtrust.org.uk/aldermanpeel
Harwich and Dovercourt High School,www.hdhs.org.uk
Stoke Park School,https://www.stokepark.coventry.sch.uk/
Ecclesfield School,www.ecclesfield-school.com
Reigate School,http://www.reigate-school.surrey.sch.uk
Derby Moor Spencer Academy,www.derbymoorspencer.org.uk
Wolgarston High School,http://www.wolgarston.staffs.sch.uk
Westfield School,www.westfield.chorustrust.org
Walker Riverside Academy,www.wra.tynecoast.academy
The Pedmore High School,http://www.pedmorehighschool.uk
Abbey Park School,www.abbeyparkschool.org.uk
Ponteland High School,http://ponthigh.org.uk/
Ercall Wood Academy,http://www.ercallwood.co.uk
Laurus Ryecroft,www.laurusryecroft.org.uk
Mercia School,www.merciaschool.com
North East Futures UTC,www.nef.tynecoast.academy
CHS South,www.chssouth.org.uk
Yewlands Academy,yewlandsacademy.org
Maiden Erlegh Chiltern Edge,www.maidenerleghchilternedge.co.uk
Broadland High Ormiston Academy,http://www.broadlandhighoa.co.uk
Sir Jonathan North Girls' College,https://www.sirjonathannorth.org.uk
Old Buckenham High School,http://www.obhs.co.uk
Burscough Priory Academy,https://www.burscoughprioryacademy.org/
Temple Moor High School,tmhs.co.uk
Darton Academy,https://www.dartonacademy.org.uk
AldridgeUTC@MediaCityUK,www.utcmediacityuk.org.uk
Dixons Unity Academy,www.dixonsua.com
Melksham Oak Community School,https://www.melkshamoak.wilts.sch.uk/
Astrea Academy Woodfields,https://www.astreawoodfields.org/
Tudor Grange Academy Kingshurst,www.kingshurst.tgacademy.org.uk
Mary Webb School and Science College,www.marywebbschool.com
UTC Plymouth,www.utcplymouth.org
Waterfront UTC,www.waterfront-that.org.uk
Philip Morant School and College,pmsc.school
Dean Trust Rose Bridge,https://www.deantrustrosebridge.co.uk/
Lynch Hill Enterprise Academy,lhea.org.uk
Rye College,www.ryecollege.co.uk
Pakefield High School,www.pakefield.org.uk
Colne Community School,www.colne.essex.sch.uk
Northallerton School & Sixth Form College,https://www.northallertonschool.org.uk/
Stone Lodge School,https://www.stonelodgeschool.co.uk/
King Arthur's School,www.kingarthurs.org.uk
Bronte Girls' Academy,bga.iexel.org.uk/
Morecambe Bay Academy,www.morecambebayacademy.co.uk
Co-op Academy Grange,https://grange.coopacademies.co.uk/
The Swan School,www.theswanschool.org.uk
Cecil Jones Academy,www.ceciljonesacademy.net
All Saints' Church of England Academy,https://www.allsaints-academy.co.uk/
Wey Valley Academy,http://weyvalley-academy.co.uk/
Bishop Ullathorne Catholic School,http://www.bishopullathorne.co.uk/
Springwell Community College,www.springwell.ttct.co.uk
Broadoak Academy,https://broadoakacademy.clf.uk/
University Academy Long Sutton,www.uals.org.uk
Sherburn High School,http://www.sherburnhigh.co.uk
AIM Academy North London,www.aimnorthlondon.org.uk
Paulet High School,http://www.paulet.co.uk
"Blessed Trinity Roman Catholic College, A Voluntary Academy",http://www.btrcc.lancs.sch.uk/
St Edmund Campion Catholic School,www.stedcamp.bham.sch.uk
Whitelands Academy,www.whitelandsacademy.org
The Heys School,theheys.school
Northstowe Learning Community,northstowe.education
Wolsingham School,http://www.wolsinghamschool.net
"Holy Family Catholic High School, A Voluntary Academy",http://www.holyfamilycarlton.org
The Giles Academy,https://www.gilesacademy.co.uk/
Huntcliff School,https://huntcliff.co.uk/
Perryfields Academy,https://perryfieldsacademy.co.uk
Heyford Park School,https://heyfordparkschool.org/
Mark Hall Academy,www.markhallacademy.org
Turves Green Boys' School,www.tgbs.co.uk
Alvaston Moor Academy,https://www.alvastonmoor.co.uk/
Bluecoat Trent Academy,https://www.bluecoattrent.co.uk/
The High School Leckhampton,www.hsl.gloucs.sch.uk
"St Bernards Catholic High School, Barrow",www.stbernardsschool.uk
XP Gateshead,https://xpgateshead.org/
Bishop Barrington Academy,https://bishopbarrington.org.uk/
St Paul's Catholic College,http://www.stpaulscatholiccollege.co.uk
The Purbeck School,http://www.purbeck.dorset.sch.uk
Buckler's Mead School,http://bucklersmead.com
Stantonbury School,https://stantonbury-tove.org.uk/
Sacred Heart Catholic Academy,https://www.sacredheartcatholicacademy.org/
Maritime Academy,https://www.maritimeacademy.org.uk/
Manor Drive Secondary Academy,https://www.manordrivesecondary.org.uk/
Houstone School,https://www.houstoneschool.co.uk/
King Edward VI Community College,http://www.kingedwardvi.devon.sch.uk/
St Richard Reynolds Catholic High School,http://www.strichardreynolds.org.uk
Aldercar High School,https://www.aldercarhigh.co.uk
Harris Science Academy East London,https://www.harrisscienceeastlondon.org.uk/
"Saint John Henry Newman Roman Catholic College, A Voluntary Academy",http://www.newmanrc.oldham.sch.uk/
The Salesian Academy of St John Bosco,https://www.thesalesiansacademyofstjohnbosco.org/
The Brooksbank School,https://www.thebrooksbankschool.co.uk/
The Hemel Hempstead School,http://www.hhs.herts.sch.uk/
Crofton School,http://www.croftonschool.co.uk
Sturminster Newton High School,www.mysnhs.net
Dixons Newall Green Academy,https://www.dixonsng.com/
Brighton Hill Community School,http://www.brightonhill.hants.sch.uk/
Windsor Olympus Academy,https://www.olympusacademy.org.uk/
Oasis Academy Temple Quarter,www.oasisacademytemplequarter.org
Eckington School,https://www.eckington.chorustrust.org/
"St Cuthbert's Roman Catholic High School, a Voluntary Academy",http://www.stcuthberts.stoccat.org.uk
The Abbey School,www.abbeyschoolfaversham.co.uk
Leigh Academy Bexley,leighacademybexley.org.uk
Greenfield Academy,https://greenfieldacademy.org.uk/
Abraham Moss Community School,www.abrahammoss.co.uk
Danebury School,www.danebury.hispmat.org
International British Online School,www.ibos.school
The Duchess's Community High School,http://www.dchs-alnwick.org/
Riverside Virtual College,https://www.riversidevirtualcollege.co.uk
Dover Christ Church Academy,https://www.dccacademy.com
Wellfield Academy,https://wellfieldacademy.org/
EDClass Ltd,https://edclass.com/
Vista Academy Littleport,vista.tela.org.uk
John Spence Community High School,http://www.johnspence.org.uk/
Carlton le Willows Academy,www.clwacademy.org.uk
River Academy,https://www.river-academy.co.uk/
Minerva's Virtual Academy,https://www.minervavirtual.com/
The Wisbech Academy,www.thewisbechacademy.org
Walton-Le-Dale High School,www.wldhigh.co.uk
EKC Sheppey Secondary,www.ekcsheppeysecondary.org
Star Radcliffe Academy,https://www.starradcliffe.org/
Dinnington High School,www.dinningtonhigh.co.uk/
St Michael's Catholic College,https://www.stmichaelscollege.org.uk/
Bonus Pastor Catholic College,http://www.bonuspastor.co.uk/
Castle Newnham School,http://www.castlenewnham.school
South Wirral High School,http://www.southwirral.wirral.sch.uk
Ken Stimpson Academy,http://www.kenstimpson.org.uk
Hyde High School,www.hydehighschool.uk
"Todmorden High School, A SHARE Academy",http://www.todhigh.co.uk/
The Radclyffe School,https://theradclyffeschool.co.uk
All Saints Catholic College,www.aschc.com
Cardinal Heenan Catholic High School,http://www.cardinalheenan.com
Queen Elizabeth School,www.qes.org.uk
Queen Elizabeth's Grammar School,http://www.queenelizabeths.derbyshire.sch.uk
Park View School,www.parkviewlearning.net
Trinity School,http://www.trinitynewbury.org/
Beacon Academy,www.beaconacademy.co.uk
The Grange School,http://www.thegrangeschool.com
St Benedict's Catholic High School,www.sbe.magnificat.org.uk
St Peter's Catholic School,https://www.st-peters.solihull.sch.uk/
Mayfield School,www.mayfield.portsmouth.sch.uk
Moorside High School,http://www.moorside.staffs.sch.uk/
